-- Вставка тестовых пользователей
INSERT INTO users (id, email, name, avatar_url, role) VALUES
  ('550e8400-e29b-41d4-a716-446655440001', 'admin@herms.com', 'Администратор', '/thoughtful-man.png', 'admin'),
  ('550e8400-e29b-41d4-a716-446655440002', 'manager@herms.com', 'Менеджер проектов', '/diverse-woman-portrait.png', 'manager'),
  ('550e8400-e29b-41d4-a716-446655440003', 'developer@herms.com', 'Разработчик', NULL, 'user'),
  ('550e8400-e29b-41d4-a716-446655440004', 'designer@herms.com', 'Дизайнер', NULL, 'user'),
  ('550e8400-e29b-41d4-a716-446655440005', 'tester@herms.com', 'Тестировщик', NULL, 'user')
ON CONFLICT (email) DO NOTHING;

-- Вставка тестовых проектов
INSERT INTO projects (id, name, description, status, owner_id, due_date) VALUES
  ('660e8400-e29b-41d4-a716-446655440001', 'Веб-приложение HERMS', 'Разработка системы управления проектами', 'active', '550e8400-e29b-41d4-a716-446655440001', '2024-12-31'),
  ('660e8400-e29b-41d4-a716-446655440002', 'Мобильное приложение', 'Создание мобильной версии системы', 'active', '550e8400-e29b-41d4-a716-446655440002', '2024-11-30'),
  ('660e8400-e29b-41d4-a716-446655440003', 'Система аналитики', 'Внедрение модуля аналитики и отчетности', 'active', '550e8400-e29b-41d4-a716-446655440001', '2024-10-15')
ON CONFLICT (id) DO NOTHING;

-- Вставка участников проектов
INSERT INTO project_members (project_id, user_id, role) VALUES
  ('660e8400-e29b-41d4-a716-446655440001', '550e8400-e29b-41d4-a716-446655440001', 'owner'),
  ('660e8400-e29b-41d4-a716-446655440001', '550e8400-e29b-41d4-a716-446655440003', 'member'),
  ('660e8400-e29b-41d4-a716-446655440001', '550e8400-e29b-41d4-a716-446655440004', 'member'),
  ('660e8400-e29b-41d4-a716-446655440001', '550e8400-e29b-41d4-a716-446655440005', 'member'),
  ('660e8400-e29b-41d4-a716-446655440002', '550e8400-e29b-41d4-a716-446655440002', 'owner'),
  ('660e8400-e29b-41d4-a716-446655440002', '550e8400-e29b-41d4-a716-446655440003', 'member'),
  ('660e8400-e29b-41d4-a716-446655440002', '550e8400-e29b-41d4-a716-446655440004', 'member'),
  ('660e8400-e29b-41d4-a716-446655440003', '550e8400-e29b-41d4-a716-446655440001', 'owner'),
  ('660e8400-e29b-41d4-a716-446655440003', '550e8400-e29b-41d4-a716-446655440003', 'member')
ON CONFLICT (project_id, user_id) DO NOTHING;

-- Вставка тестовых задач
INSERT INTO tasks (id, title, description, status, priority, project_id, assignee_id, creator_id, due_date) VALUES
  ('770e8400-e29b-41d4-a716-446655440001', 'Создать дизайн главной страницы', 'Разработать макет главной страницы системы', 'completed', 'high', '660e8400-e29b-41d4-a716-446655440001', '550e8400-e29b-41d4-a716-446655440004', '550e8400-e29b-41d4-a716-446655440001', '2024-09-15'),
  ('770e8400-e29b-41d4-a716-446655440002', 'Настроить базу данных', 'Создать схему базы данных и настроить подключение', 'completed', 'high', '660e8400-e29b-41d4-a716-446655440001', '550e8400-e29b-41d4-a716-446655440003', '550e8400-e29b-41d4-a716-446655440001', '2024-09-20'),
  ('770e8400-e29b-41d4-a716-446655440003', 'Реализовать аутентификацию', 'Добавить систему входа и регистрации пользователей', 'in_progress', 'high', '660e8400-e29b-41d4-a716-446655440001', '550e8400-e29b-41d4-a716-446655440003', '550e8400-e29b-41d4-a716-446655440001', '2024-10-01'),
  ('770e8400-e29b-41d4-a716-446655440004', 'Создать API для проектов', 'Разработать REST API для управления проектами', 'in_progress', 'medium', '660e8400-e29b-41d4-a716-446655440001', '550e8400-e29b-41d4-a716-446655440003', '550e8400-e29b-41d4-a716-446655440001', '2024-10-05'),
  ('770e8400-e29b-41d4-a716-446655440005', 'Написать тесты', 'Покрыть основную функциональность автотестами', 'todo', 'medium', '660e8400-e29b-41d4-a716-446655440001', '550e8400-e29b-41d4-a716-446655440005', '550e8400-e29b-41d4-a716-446655440001', '2024-10-10'),
  ('770e8400-e29b-41d4-a716-446655440006', 'Дизайн мобильного интерфейса', 'Создать адаптивный дизайн для мобильных устройств', 'todo', 'high', '660e8400-e29b-41d4-a716-446655440002', '550e8400-e29b-41d4-a716-446655440004', '550e8400-e29b-41d4-a716-446655440002', '2024-10-15'),
  ('770e8400-e29b-41d4-a716-446655440007', 'Разработка React Native приложения', 'Создать мобильное приложение на React Native', 'todo', 'high', '660e8400-e29b-41d4-a716-446655440002', '550e8400-e29b-41d4-a716-446655440003', '550e8400-e29b-41d4-a716-446655440002', '2024-11-01'),
  ('770e8400-e29b-41d4-a716-446655440008', 'Настройка аналитики', 'Интегрировать систему сбора аналитических данных', 'todo', 'low', '660e8400-e29b-41d4-a716-446655440003', '550e8400-e29b-41d4-a716-446655440003', '550e8400-e29b-41d4-a716-446655440001', '2024-10-20')
ON CONFLICT (id) DO NOTHING;

-- Вставка тестовых документов
INSERT INTO documents (id, title, content, project_id, author_id) VALUES
  ('880e8400-e29b-41d4-a716-446655440001', 'Техническое задание', 'Подробное описание требований к системе HERMS...', '660e8400-e29b-41d4-a716-446655440001', '550e8400-e29b-41d4-a716-446655440001'),
  ('880e8400-e29b-41d4-a716-446655440002', 'Архитектура системы', 'Описание архитектуры и компонентов системы...', '660e8400-e29b-41d4-a716-446655440001', '550e8400-e29b-41d4-a716-446655440003'),
  ('880e8400-e29b-41d4-a716-446655440003', 'Руководство пользователя', 'Инструкция по использованию мобильного приложения...', '660e8400-e29b-41d4-a716-446655440002', '550e8400-e29b-41d4-a716-446655440002')
ON CONFLICT (id) DO NOTHING;
